{"schemaVersion":"1.0","appDefinitionTemplate":{"id":"/providers/Microsoft.PowerApps/apps/","type":"Microsoft.PowerApps/apps","tags":{"primaryDeviceWidth":"1366","primaryDeviceHeight":"768","supportsPortrait":"true","supportsLandscape":"true","primaryFormFactor":"Tablet","showStatusBar":"false","publisherVersion":"3.24032.26","minimumRequiredApiVersion":"2.2.0","hasComponent":"false","hasUnlockedComponent":"false","isUnifiedRootApp":"false","offlineLargeFilesSupport":"false","sienaVersion":"20240327T200359Z-3.24032.26.0"},"properties":{"appVersion":"2024-03-27T20:03:59Z","lifeCycleId":"Published","createdByClientVersion":{"major":3,"minor":24032,"build":26,"revision":0,"majorRevision":0,"minorRevision":0},"minClientVersion":{"major":3,"minor":24032,"build":26,"revision":0,"majorRevision":0,"minorRevision":0},"backgroundColor":"rgba(232, 244, 217, 1)","backgroundImageUri":"/2509745590340530038/N07d93eb6-7e24-4332-a81b-c8e8f0be4fd2-logoSmallFile","displayName":"TCK Informativos","description":"novo","commitMessage":"","appUris":{"documentUri":{"value":"/2509745590340530038/N6411d724-fc81-4056-9594-62a5642ee669-document.msapp"},"imageUris":[],"additionalUris":[{"isSolutionAware":false,"value":"/2509745590340530038/Na2106811-8c87-4427-9023-5b605a21604b-identity.json"}]},"createdTime":"0001-01-01T00:00:00Z","lastModifiedTime":"0001-01-01T00:00:00Z","sharedGroupsCount":0,"sharedUsersCount":0,"connectionReferences":{"eceffa06-319d-4e96-874d-7d8957d67ddc":{"id":"3304234c-cc11-482f-8aad-2d6466bdd403","displayName":"SharePoint","iconUri":"https://connectoricons-prod.azureedge.net/u/alexsp/sporelease/1.0.1682.3673/sharepointonline/icon.png","dataSources":["Documentos"],"dependencies":[],"dependents":[],"parameterHints":{},"parameterHintsV2":{},"isOnPremiseConnection":false,"bypassConsent":false,"dataSets":{"https://komatsuforest.sharepoint.com/sites/Telemetria97":{"dataSources":{"Documentos":{"tableName":"f6b0b4b1-a5bb-4d42-b272-8c72b8df00d8"}}}},"apiTier":"Standard","isCustomApiConnection":false,"actions":["providers/PowerPlatform.Governance/Operations/Read"]}},"databaseReferences":{},"almMode":"Environment","performanceOptimizationEnabled":true,"canConsumeAppPass":true,"enableModernRuntimeMode":false,"executionRestrictions":{"isTeamsOnly":false,"dataLossPreventionEvaluationResult":{"status":"Compliant","lastEvaluationDate":"2024-03-19T22:44:06.7394807Z","violations":[],"violationsByPolicy":[],"violationErrorMessage":"O aplicativo usa os seguintes conectores: shared_sharepointonline."}}},"appType":"ClassicCanvasApp","appComponents":[]}}