{"schemaVersion":"1.0","appDefinitionTemplate":{"id":"/providers/Microsoft.PowerApps/apps/","type":"Microsoft.PowerApps/apps","tags":{"primaryDeviceWidth":"1366","primaryDeviceHeight":"768","supportsPortrait":"true","supportsLandscape":"true","primaryFormFactor":"Tablet","showStatusBar":"false","publisherVersion":"3.24032.26","minimumRequiredApiVersion":"2.2.0","hasComponent":"false","hasUnlockedComponent":"false","isUnifiedRootApp":"false","offlineLargeFilesSupport":"false","sienaVersion":"20240403T195245Z-3.24032.26.0"},"properties":{"appVersion":"2024-04-03T19:52:45Z","lifeCycleId":"Published","createdByClientVersion":{"major":3,"minor":24032,"build":26,"revision":0,"majorRevision":0,"minorRevision":0},"minClientVersion":{"major":3,"minor":24032,"build":26,"revision":0,"majorRevision":0,"minorRevision":0},"backgroundColor":"rgba(232, 244, 217, 1)","backgroundImageUri":"/2509745590340530038/Nb47d6fb2-e49c-475a-af30-3a0af4b3c577-logoSmallFile","displayName":"TCK Informativos","description":"novo","commitMessage":"","appUris":{"documentUri":{"value":"/2509745590340530038/N2dbbbddc-1cce-4c0d-a59c-02741deb44bd-document.msapp"},"imageUris":[],"additionalUris":[{"isSolutionAware":false,"value":"/2509745590340530038/Nb825191b-683c-450e-b1ec-285320eadd2e-identity.json"}]},"createdTime":"0001-01-01T00:00:00Z","lastModifiedTime":"0001-01-01T00:00:00Z","sharedGroupsCount":0,"sharedUsersCount":0,"connectionReferences":{"eceffa06-319d-4e96-874d-7d8957d67ddc":{"id":"3304234c-cc11-482f-8aad-2d6466bdd403","displayName":"SharePoint","iconUri":"https://connectoricons-prod.azureedge.net/releases/v1.0.1682/1.0.1682.3677/sharepointonline/icon.png","dataSources":["Documentos"],"dependencies":[],"dependents":[],"parameterHints":{},"parameterHintsV2":{},"isOnPremiseConnection":false,"bypassConsent":false,"dataSets":{"https://komatsuforest.sharepoint.com/sites/Telemetria97":{"dataSources":{"Documentos":{"tableName":"f6b0b4b1-a5bb-4d42-b272-8c72b8df00d8"}}}},"apiTier":"Standard","isCustomApiConnection":false,"actions":["providers/PowerPlatform.Governance/Operations/Read"]}},"databaseReferences":{},"almMode":"Environment","performanceOptimizationEnabled":true,"canConsumeAppPass":true,"enableModernRuntimeMode":false,"executionRestrictions":{"isTeamsOnly":false,"dataLossPreventionEvaluationResult":{"status":"Compliant","lastEvaluationDate":"2024-03-19T22:44:06.7394807Z","violations":[],"violationsByPolicy":[],"violationErrorMessage":"O aplicativo usa os seguintes conectores: shared_sharepointonline."}}},"appType":"ClassicCanvasApp","appComponents":[]}}