{"schemaVersion":"1.0","appDefinitionTemplate":{"id":"/providers/Microsoft.PowerApps/apps/","type":"Microsoft.PowerApps/apps","tags":{"primaryDeviceWidth":"1366","primaryDeviceHeight":"768","supportsPortrait":"true","supportsLandscape":"true","primaryFormFactor":"Tablet","showStatusBar":"false","publisherVersion":"3.24044.18","minimumRequiredApiVersion":"2.2.0","hasComponent":"false","hasUnlockedComponent":"false","isUnifiedRootApp":"false","offlineLargeFilesSupport":"false","sienaVersion":"20240502T170631Z-3.24044.18.0"},"properties":{"appVersion":"2024-05-02T17:06:31Z","lifeCycleId":"Published","createdByClientVersion":{"major":3,"minor":24044,"build":18,"revision":0,"majorRevision":0,"minorRevision":0},"minClientVersion":{"major":3,"minor":24044,"build":18,"revision":0,"majorRevision":0,"minorRevision":0},"backgroundColor":"rgba(232, 244, 217, 1)","backgroundImageUri":"/2509745590340530038/N14cb8d97-af04-426b-9174-d7caad4f6815-logoSmallFile","displayName":"TCK Informativos","description":"novo","commitMessage":"","appUris":{"documentUri":{"value":"/2509745590340530038/N623c18e2-c692-44c9-9db4-8072c20848c5-document.msapp"},"imageUris":[],"additionalUris":[{"isSolutionAware":false,"value":"/2509745590340530038/N955e07c6-9513-4a76-8ed5-9a12da396a6d-identity.json"}]},"createdTime":"0001-01-01T00:00:00Z","lastModifiedTime":"0001-01-01T00:00:00Z","sharedGroupsCount":0,"sharedUsersCount":0,"connectionReferences":{"eceffa06-319d-4e96-874d-7d8957d67ddc":{"id":"3304234c-cc11-482f-8aad-2d6466bdd403","displayName":"SharePoint","iconUri":"https://connectoricons-prod.azureedge.net/releases/v1.0.1685/1.0.1685.3700/sharepointonline/icon.png","dataSources":["Documentos"],"dependencies":[],"dependents":[],"parameterHints":{},"parameterHintsV2":{},"isOnPremiseConnection":false,"bypassConsent":false,"dataSets":{"https://komatsuforest.sharepoint.com/sites/Telemetria97":{"dataSources":{"Documentos":{"tableName":"f6b0b4b1-a5bb-4d42-b272-8c72b8df00d8"}}}},"apiTier":"Standard","isCustomApiConnection":false,"actions":["providers/PowerPlatform.Governance/Operations/Read"]}},"databaseReferences":{},"almMode":"Environment","performanceOptimizationEnabled":true,"canConsumeAppPass":true,"enableModernRuntimeMode":false,"executionRestrictions":{"isTeamsOnly":false,"dataLossPreventionEvaluationResult":{"status":"Compliant","lastEvaluationDate":"2024-03-19T22:44:06.7394807Z","violations":[],"violationsByPolicy":[],"violationErrorMessage":"O aplicativo usa os seguintes conectores: shared_sharepointonline."}}},"appType":"ClassicCanvasApp","appComponents":[]}}